{"cameraMode":{"drawMode":0,"name":"Shaded","section":"Shading Mode"},"sceneLighting":true,"audioPlay":false,"sceneViewState":{"showFog":true,"showMaterialUpdate":false,"showSkybox":true,"showFlares":true,"showImageEffects":true,"showParticleSystems":true},"in2DMode":false,"pivot":{"x":43.358795166015628,"y":-54.381961822509769,"z":117.6436538696289},"rotation":{"x":0.20593219995498658,"y":0.1612667441368103,"z":-0.034322239458560947,"w":0.9646267294883728},"size":77.9476318359375,"orthographic":false}