{"cameraMode":{"drawMode":0,"name":"Shaded","section":"Shading Mode"},"sceneLighting":true,"audioPlay":false,"sceneViewState":{"showFog":true,"showMaterialUpdate":false,"showSkybox":true,"showFlares":true,"showImageEffects":true,"showParticleSystems":true},"in2DMode":false,"pivot":{"x":774.7247314453125,"y":1126.7213134765625,"z":446.02197265625},"rotation":{"x":-0.09454333782196045,"y":-0.18202689290046693,"z":0.01757105626165867,"w":-0.9786043167114258},"size":1106.4166259765625,"orthographic":false}