{"cameraMode":{"drawMode":0,"name":"Shaded","section":"Shading Mode"},"sceneLighting":true,"audioPlay":false,"sceneViewState":{"showFog":true,"showMaterialUpdate":false,"showSkybox":true,"showFlares":true,"showImageEffects":true,"showParticleSystems":true},"in2DMode":false,"pivot":{"x":13.84621524810791,"y":6.489459991455078,"z":-9.748514175415039},"rotation":{"x":-0.026486188173294069,"y":0.6992653608322144,"z":-0.026993121951818467,"w":-0.7141109704971314},"size":5.097366809844971,"orthographic":false}